"subjID","partner_type","block","error","rate"
"1","same","1","compound",0
"1","same","1","semantically_related",0.0714285714285714
"1","same","1","phonologically_related",0
"1","same","1","unrelated",0.142857142857143
"1","same","2","compound",0
"1","same","2","semantically_related",0.0769230769230769
"1","same","2","phonologically_related",0
"1","same","2","unrelated",0.115384615384615
"1","different","1","compound",0
"1","different","1","semantically_related",0.115384615384615
"1","different","1","phonologically_related",0
"1","different","1","unrelated",0.384615384615385
"1","different","2","compound",0
"1","different","2","semantically_related",0.107142857142857
"1","different","2","phonologically_related",0
"1","different","2","unrelated",0.464285714285714
"2","same","1","compound",0
"2","same","1","semantically_related",0.0714285714285714
"2","same","1","phonologically_related",0
"2","same","1","unrelated",0
"2","same","2","compound",0
"2","same","2","semantically_related",0.0714285714285714
"2","same","2","phonologically_related",0
"2","same","2","unrelated",0.107142857142857
"2","different","1","compound",0
"2","different","1","semantically_related",0.142857142857143
"2","different","1","phonologically_related",0
"2","different","1","unrelated",0.0714285714285714
"2","different","2","compound",0.0357142857142857
"2","different","2","semantically_related",0.142857142857143
"2","different","2","phonologically_related",0
"2","different","2","unrelated",0.0714285714285714
"3","same","1","compound",0
"3","same","1","semantically_related",0.0740740740740741
"3","same","1","phonologically_related",0
"3","same","1","unrelated",0.0740740740740741
"3","same","2","compound",0.0357142857142857
"3","same","2","semantically_related",0.0357142857142857
"3","same","2","phonologically_related",0
"3","same","2","unrelated",0.0714285714285714
"3","different","1","compound",0.0384615384615385
"3","different","1","semantically_related",0
"3","different","1","phonologically_related",0
"3","different","1","unrelated",0.0384615384615385
"3","different","2","compound",0
"3","different","2","semantically_related",0.037037037037037
"3","different","2","phonologically_related",0
"3","different","2","unrelated",0.0740740740740741
"4","same","1","compound",0.0357142857142857
"4","same","1","semantically_related",0
"4","same","1","phonologically_related",0
"4","same","1","unrelated",0
"4","same","2","compound",0.0357142857142857
"4","same","2","semantically_related",0
"4","same","2","phonologically_related",0
"4","same","2","unrelated",0
"4","different","1","compound",0.0357142857142857
"4","different","1","semantically_related",0
"4","different","1","phonologically_related",0
"4","different","1","unrelated",0.107142857142857
"4","different","2","compound",0.037037037037037
"4","different","2","semantically_related",0
"4","different","2","phonologically_related",0
"4","different","2","unrelated",0.0740740740740741
"5","same","1","compound",0.0714285714285714
"5","same","1","semantically_related",0.0357142857142857
"5","same","1","phonologically_related",0
"5","same","1","unrelated",0.107142857142857
"5","same","2","compound",0.0714285714285714
"5","same","2","semantically_related",0.0357142857142857
"5","same","2","phonologically_related",0
"5","same","2","unrelated",0.107142857142857
"5","different","1","compound",0.0714285714285714
"5","different","1","semantically_related",0.0714285714285714
"5","different","1","phonologically_related",0
"5","different","1","unrelated",0.428571428571429
"5","different","2","compound",0.0714285714285714
"5","different","2","semantically_related",0.0714285714285714
"5","different","2","phonologically_related",0
"5","different","2","unrelated",0.357142857142857
"6","same","1","compound",0
"6","same","1","semantically_related",0.0740740740740741
"6","same","1","phonologically_related",0
"6","same","1","unrelated",0.185185185185185
"6","same","2","compound",0.0357142857142857
"6","same","2","semantically_related",0.0714285714285714
"6","same","2","phonologically_related",0
"6","same","2","unrelated",0.107142857142857
"6","different","1","compound",0
"6","different","1","semantically_related",0.0357142857142857
"6","different","1","phonologically_related",0
"6","different","1","unrelated",0.285714285714286
"6","different","2","compound",0
"6","different","2","semantically_related",0.037037037037037
"6","different","2","phonologically_related",0
"6","different","2","unrelated",0.185185185185185
"7","same","1","compound",0
"7","same","1","semantically_related",0.107142857142857
"7","same","1","phonologically_related",0
"7","same","1","unrelated",0.178571428571429
"7","same","2","compound",0
"7","same","2","semantically_related",0
"7","same","2","phonologically_related",0
"7","same","2","unrelated",0.142857142857143
"7","different","1","compound",0.0714285714285714
"7","different","1","semantically_related",0.0357142857142857
"7","different","1","phonologically_related",0
"7","different","1","unrelated",0.107142857142857
"7","different","2","compound",0
"7","different","2","semantically_related",0
"7","different","2","phonologically_related",0
"7","different","2","unrelated",0.0714285714285714
"8","same","1","compound",0
"8","same","1","semantically_related",0
"8","same","1","phonologically_related",0
"8","same","1","unrelated",0.153846153846154
"8","same","2","compound",0.037037037037037
"8","same","2","semantically_related",0
"8","same","2","phonologically_related",0
"8","same","2","unrelated",0.111111111111111
"8","different","1","compound",0.0714285714285714
"8","different","1","semantically_related",0.0357142857142857
"8","different","1","phonologically_related",0
"8","different","1","unrelated",0.285714285714286
"8","different","2","compound",0.107142857142857
"8","different","2","semantically_related",0.0357142857142857
"8","different","2","phonologically_related",0
"8","different","2","unrelated",0.357142857142857
"9","same","1","compound",0
"9","same","1","semantically_related",0.107142857142857
"9","same","1","phonologically_related",0
"9","same","1","unrelated",0.107142857142857
"9","same","2","compound",0
"9","same","2","semantically_related",0.115384615384615
"9","same","2","phonologically_related",0
"9","same","2","unrelated",0.115384615384615
"9","different","1","compound",0
"9","different","1","semantically_related",0.222222222222222
"9","different","1","phonologically_related",0
"9","different","1","unrelated",0.259259259259259
"9","different","2","compound",0
"9","different","2","semantically_related",0.185185185185185
"9","different","2","phonologically_related",0
"9","different","2","unrelated",0.148148148148148
"10","same","1","compound",0
"10","same","1","semantically_related",0.0769230769230769
"10","same","1","phonologically_related",0
"10","same","1","unrelated",0.576923076923077
"10","same","2","compound",0
"10","same","2","semantically_related",0.0357142857142857
"10","same","2","phonologically_related",0
"10","same","2","unrelated",0.392857142857143
"10","different","1","compound",0.0357142857142857
"10","different","1","semantically_related",0.0357142857142857
"10","different","1","phonologically_related",0
"10","different","1","unrelated",0.214285714285714
"10","different","2","compound",0.0357142857142857
"10","different","2","semantically_related",0.0357142857142857
"10","different","2","phonologically_related",0
"10","different","2","unrelated",0.25
"11","same","1","compound",0
"11","same","1","semantically_related",0.0714285714285714
"11","same","1","phonologically_related",0
"11","same","1","unrelated",0.107142857142857
"11","same","2","compound",0
"11","same","2","semantically_related",0
"11","same","2","phonologically_related",0
"11","same","2","unrelated",0.107142857142857
"11","different","1","compound",0
"11","different","1","semantically_related",0.037037037037037
"11","different","1","phonologically_related",0
"11","different","1","unrelated",0.0740740740740741
"11","different","2","compound",0
"11","different","2","semantically_related",0.037037037037037
"11","different","2","phonologically_related",0
"11","different","2","unrelated",0.111111111111111
"12","same","1","compound",0
"12","same","1","semantically_related",0.0357142857142857
"12","same","1","phonologically_related",0
"12","same","1","unrelated",0
"12","same","2","compound",0
"12","same","2","semantically_related",0.0357142857142857
"12","same","2","phonologically_related",0
"12","same","2","unrelated",0
"12","different","1","compound",0
"12","different","1","semantically_related",0
"12","different","1","phonologically_related",0
"12","different","1","unrelated",0.0714285714285714
"12","different","2","compound",0
"12","different","2","semantically_related",0.0384615384615385
"12","different","2","phonologically_related",0
"12","different","2","unrelated",0.0769230769230769
"13","same","1","compound",0.0384615384615385
"13","same","1","semantically_related",0.0384615384615385
"13","same","1","phonologically_related",0
"13","same","1","unrelated",0.115384615384615
"13","same","2","compound",0
"13","same","2","semantically_related",0.0740740740740741
"13","same","2","phonologically_related",0
"13","same","2","unrelated",0.111111111111111
"13","different","1","compound",0
"13","different","1","semantically_related",0.115384615384615
"13","different","1","phonologically_related",0
"13","different","1","unrelated",0.346153846153846
"13","different","2","compound",0
"13","different","2","semantically_related",0.04
"13","different","2","phonologically_related",0
"13","different","2","unrelated",0.2
"14","same","1","compound",0
"14","same","1","semantically_related",0
"14","same","1","phonologically_related",0
"14","same","1","unrelated",0.107142857142857
"14","same","2","compound",0
"14","same","2","semantically_related",0
"14","same","2","phonologically_related",0
"14","same","2","unrelated",0.0714285714285714
"14","different","1","compound",0.0357142857142857
"14","different","1","semantically_related",0.0714285714285714
"14","different","1","phonologically_related",0
"14","different","1","unrelated",0.107142857142857
"14","different","2","compound",0.0357142857142857
"14","different","2","semantically_related",0.0714285714285714
"14","different","2","phonologically_related",0
"14","different","2","unrelated",0.142857142857143
"16","same","1","compound",0
"16","same","1","semantically_related",0.178571428571429
"16","same","1","phonologically_related",0
"16","same","1","unrelated",0.25
"16","same","2","compound",0
"16","same","2","semantically_related",0.0714285714285714
"16","same","2","phonologically_related",0
"16","same","2","unrelated",0.357142857142857
"16","different","1","compound",0.037037037037037
"16","different","1","semantically_related",0.037037037037037
"16","different","1","phonologically_related",0
"16","different","1","unrelated",0.296296296296296
"16","different","2","compound",0.0357142857142857
"16","different","2","semantically_related",0.0714285714285714
"16","different","2","phonologically_related",0
"16","different","2","unrelated",0.392857142857143
"17","same","1","compound",0
"17","same","1","semantically_related",0.0357142857142857
"17","same","1","phonologically_related",0
"17","same","1","unrelated",0.178571428571429
"17","same","2","compound",0
"17","same","2","semantically_related",0
"17","same","2","phonologically_related",0
"17","same","2","unrelated",0.142857142857143
"17","different","1","compound",0
"17","different","1","semantically_related",0.037037037037037
"17","different","1","phonologically_related",0
"17","different","1","unrelated",0.185185185185185
"17","different","2","compound",0
"17","different","2","semantically_related",0.037037037037037
"17","different","2","phonologically_related",0
"17","different","2","unrelated",0.259259259259259
"18","same","1","compound",0
"18","same","1","semantically_related",0.111111111111111
"18","same","1","phonologically_related",0
"18","same","1","unrelated",0.111111111111111
"18","same","2","compound",0.0357142857142857
"18","same","2","semantically_related",0.0357142857142857
"18","same","2","phonologically_related",0
"18","same","2","unrelated",0.178571428571429
"18","different","1","compound",0.037037037037037
"18","different","1","semantically_related",0.0740740740740741
"18","different","1","phonologically_related",0
"18","different","1","unrelated",0.259259259259259
"18","different","2","compound",0.0357142857142857
"18","different","2","semantically_related",0.0714285714285714
"18","different","2","phonologically_related",0
"18","different","2","unrelated",0.214285714285714
"19","same","1","compound",0
"19","same","1","semantically_related",0
"19","same","1","phonologically_related",0
"19","same","1","unrelated",0.285714285714286
"19","same","2","compound",0
"19","same","2","semantically_related",0.0357142857142857
"19","same","2","phonologically_related",0
"19","same","2","unrelated",0.25
"19","different","1","compound",0.0357142857142857
"19","different","1","semantically_related",0.0357142857142857
"19","different","1","phonologically_related",0
"19","different","1","unrelated",0.142857142857143
"19","different","2","compound",0.0357142857142857
"19","different","2","semantically_related",0.142857142857143
"19","different","2","phonologically_related",0
"19","different","2","unrelated",0.0357142857142857
"20","same","1","compound",0
"20","same","1","semantically_related",0
"20","same","1","phonologically_related",0
"20","same","1","unrelated",0.142857142857143
"20","same","2","compound",0
"20","same","2","semantically_related",0
"20","same","2","phonologically_related",0
"20","same","2","unrelated",0.214285714285714
"20","different","1","compound",0
"20","different","1","semantically_related",0.0357142857142857
"20","different","1","phonologically_related",0
"20","different","1","unrelated",0.178571428571429
"20","different","2","compound",0
"20","different","2","semantically_related",0
"20","different","2","phonologically_related",0
"20","different","2","unrelated",0.185185185185185
"21","same","1","compound",0.0357142857142857
"21","same","1","semantically_related",0.0357142857142857
"21","same","1","phonologically_related",0
"21","same","1","unrelated",0.0714285714285714
"21","same","2","compound",0.0357142857142857
"21","same","2","semantically_related",0.0357142857142857
"21","same","2","phonologically_related",0
"21","same","2","unrelated",0.107142857142857
"21","different","1","compound",0
"21","different","1","semantically_related",0
"21","different","1","phonologically_related",0
"21","different","1","unrelated",0.259259259259259
"21","different","2","compound",0
"21","different","2","semantically_related",0.0714285714285714
"21","different","2","phonologically_related",0
"21","different","2","unrelated",0.392857142857143
"23","same","1","compound",0
"23","same","1","semantically_related",0.107142857142857
"23","same","1","phonologically_related",0
"23","same","1","unrelated",0
"23","same","2","compound",0.0357142857142857
"23","same","2","semantically_related",0.0714285714285714
"23","same","2","phonologically_related",0
"23","same","2","unrelated",0
"23","different","1","compound",0
"23","different","1","semantically_related",0.0714285714285714
"23","different","1","phonologically_related",0
"23","different","1","unrelated",0.107142857142857
"23","different","2","compound",0
"23","different","2","semantically_related",0
"23","different","2","phonologically_related",0
"23","different","2","unrelated",0.107142857142857
"24","same","1","compound",0
"24","same","1","semantically_related",0.0357142857142857
"24","same","1","phonologically_related",0
"24","same","1","unrelated",0.0714285714285714
"24","same","2","compound",0
"24","same","2","semantically_related",0.0357142857142857
"24","same","2","phonologically_related",0
"24","same","2","unrelated",0.0714285714285714
"24","different","1","compound",0
"24","different","1","semantically_related",0.0357142857142857
"24","different","1","phonologically_related",0
"24","different","1","unrelated",0.285714285714286
"24","different","2","compound",0
"24","different","2","semantically_related",0.0357142857142857
"24","different","2","phonologically_related",0
"24","different","2","unrelated",0.321428571428571
"25","same","1","compound",0
"25","same","1","semantically_related",0.178571428571429
"25","same","1","phonologically_related",0
"25","same","1","unrelated",0.464285714285714
"25","same","2","compound",0
"25","same","2","semantically_related",0.0714285714285714
"25","same","2","phonologically_related",0
"25","same","2","unrelated",0.464285714285714
"25","different","1","compound",0
"25","different","1","semantically_related",0.0357142857142857
"25","different","1","phonologically_related",0
"25","different","1","unrelated",0.428571428571429
"25","different","2","compound",0
"25","different","2","semantically_related",0.0740740740740741
"25","different","2","phonologically_related",0
"25","different","2","unrelated",0.444444444444444
"26","same","1","compound",0
"26","same","1","semantically_related",0.0357142857142857
"26","same","1","phonologically_related",0
"26","same","1","unrelated",0.0714285714285714
"26","same","2","compound",0
"26","same","2","semantically_related",0.037037037037037
"26","same","2","phonologically_related",0
"26","same","2","unrelated",0.0740740740740741
"26","different","1","compound",0
"26","different","1","semantically_related",0.0714285714285714
"26","different","1","phonologically_related",0
"26","different","1","unrelated",0.0357142857142857
"26","different","2","compound",0.0384615384615385
"26","different","2","semantically_related",0.0769230769230769
"26","different","2","phonologically_related",0
"26","different","2","unrelated",0
"29","same","1","compound",0
"29","same","1","semantically_related",0
"29","same","1","phonologically_related",0
"29","same","1","unrelated",0.107142857142857
"29","same","2","compound",0
"29","same","2","semantically_related",0
"29","same","2","phonologically_related",0
"29","same","2","unrelated",0.0714285714285714
"29","different","1","compound",0
"29","different","1","semantically_related",0.0740740740740741
"29","different","1","phonologically_related",0
"29","different","1","unrelated",0.296296296296296
"29","different","2","compound",0
"29","different","2","semantically_related",0.037037037037037
"29","different","2","phonologically_related",0
"29","different","2","unrelated",0.296296296296296
"30","same","1","compound",0
"30","same","1","semantically_related",0
"30","same","1","phonologically_related",0
"30","same","1","unrelated",0.37037037037037
"30","same","2","compound",0
"30","same","2","semantically_related",0.107142857142857
"30","same","2","phonologically_related",0
"30","same","2","unrelated",0.392857142857143
"30","different","1","compound",0.0357142857142857
"30","different","1","semantically_related",0.142857142857143
"30","different","1","phonologically_related",0
"30","different","1","unrelated",0.178571428571429
"30","different","2","compound",0.0357142857142857
"30","different","2","semantically_related",0.178571428571429
"30","different","2","phonologically_related",0
"30","different","2","unrelated",0.107142857142857
"31","same","1","compound",0
"31","same","1","semantically_related",0.0357142857142857
"31","same","1","phonologically_related",0
"31","same","1","unrelated",0.357142857142857
"31","same","2","compound",0
"31","same","2","semantically_related",0.0714285714285714
"31","same","2","phonologically_related",0
"31","same","2","unrelated",0.392857142857143
"31","different","1","compound",0
"31","different","1","semantically_related",0.037037037037037
"31","different","1","phonologically_related",0
"31","different","1","unrelated",0.37037037037037
"31","different","2","compound",0
"31","different","2","semantically_related",0.0357142857142857
"31","different","2","phonologically_related",0
"31","different","2","unrelated",0.392857142857143
"32","same","1","compound",0
"32","same","1","semantically_related",0
"32","same","1","phonologically_related",0
"32","same","1","unrelated",0.107142857142857
"32","same","2","compound",0
"32","same","2","semantically_related",0
"32","same","2","phonologically_related",0
"32","same","2","unrelated",0.0714285714285714
"32","different","1","compound",0
"32","different","1","semantically_related",0
"32","different","1","phonologically_related",0
"32","different","1","unrelated",0.357142857142857
"32","different","2","compound",0
"32","different","2","semantically_related",0.0357142857142857
"32","different","2","phonologically_related",0
"32","different","2","unrelated",0.321428571428571
"34","same","1","compound",0.0357142857142857
"34","same","1","semantically_related",0
"34","same","1","phonologically_related",0
"34","same","1","unrelated",0.107142857142857
"34","same","2","compound",0.0357142857142857
"34","same","2","semantically_related",0
"34","same","2","phonologically_related",0
"34","same","2","unrelated",0.142857142857143
"34","different","1","compound",0
"34","different","1","semantically_related",0
"34","different","1","phonologically_related",0
"34","different","1","unrelated",0.142857142857143
"34","different","2","compound",0
"34","different","2","semantically_related",0
"34","different","2","phonologically_related",0
"34","different","2","unrelated",0.107142857142857
